Argentiniformes_Argentina_sp_CUR14063G,
Teleost_Euteleost_Argentiniformes_Argentinidae_Argentina_sp,
Coregonus_sp__GCA_902810595.1,
Salmoniformes_Coregonus,
Salvelinus_sp__GCF_002910315.2,
Argentinidae_Argentina_australiae_EPLATE_46_F03,Argentina australiae
Argentiniformes_Argentina_sphyraena,Argentina sphyraena
Argentiniformes_Argentina_silus,Argentina silus
Argentinidae_Glossanodon_spW1_EPLATE_46_E03,
Bathylagidae_Bathylagichthys_problematicus_EPLATE_46_A04,Bathylagichthys problematicus
Bathylagidae_Bathylagichthys_longipinnis_EPLATE_46_G03,Bathylagichthys longipinnis
Bathylagidae_Bathylagichthys_australis_EPLATE_46_H03,Bathylagichthys australis
Bathylagidae_Melanolagus_sp2_EPLATE_46_B04,
Bathylagidae_Melanolagus_bericoides_EPLATE_46_C04,Melanolagus bericoides
Microstomatidae_Microstoma_microstoma_EPLATE_46_D04,Microstoma microstoma
Microstomatidae_Nansenia_antarctica_EPLATE_46_E04,Nansenia antarctica
Opisthoproctidae_Monacoa_sp1_EPLATE_46_G04,
Argentiniformes_Opisthoproctus_soleatus,Opisthoproctus soleatus
Opisthoproctidae_Winteria_telescopa_EPLATE_46_H04,Winteria telescopa
Ateleopodidae_Ateleopus_japonicus_EPLATE_26_E02,Ateleopus japonicus
Ateleopodidae_Ijimaia_dofleini_EPLATE_26_E03,Ijimaia dofleini
Ateleopodidae_Ijimaia_sp1_EPLATE_46_C05,
Ateleopodidae_Ijimaia_dofleina_EPLATE_46_A05,Ijimaia dofleini
Aulopidae_Hime_caudizoma_EPLATE_60_B05,Hime caudizoma
Aulopidae_Hime_curtirostris_EPLATE_61_B03,Hime curtirostris
Bathysauroididae_Bathysauroides_gigas_EPLATE_46_E05,Bathysauroides gigas
Paralepididae_Lestidium_atlanticum_EPLATE_61_C05,Lestidium atlanticum
Teleost_Clupeiformes_Clupeiformes_Clupeidae_Alosa_alosa,Alosa alosa
Teleost_Clupeiformes_Clupeiformes_Clupeidae_Amblygaster_clupeoides,Amblygaster clupeoides
Teleost_Clupeiformes_Clupeiformes_Clupeidae_Clupea_harengus,Clupea harengus
Teleost_Clupeiformes_Clupeiformes_Engraulidae_Coilia_nasus,Coilia nasus
Teleost_Clupeiformes_Clupeiformes_Engraulidae_Engraulis_encrasicolus,Engraulis encrasicolus
Esocidae_Esox_reichertii_EPLATE_44_C07,Esox reichertii
Teleost_Euteleost_Esociformes_Esocidae_Esox_lucius,Esox lucius
Teleost_Euteleost_Esociformes_Umbridae_Umbra_pygmae,Umbra pygmaea
Myctophidae_Benthosema_fibulatum_EPLATE_49_A06,Benthosema fibulatum
Myctophidae_Diaphus_hudsoni_EPLATE_49_G02,Diaphus hudsoni
Myctophidae_Diaphus_thermophilus_EPLATE_49_E01,Diaphus termophilus
Myctophidae_Diaphus_whitleyi_problematicus_EPLATE_49_G09,Diaphus whitleyi
Galaxiidae_Galaxias_truttaceus_EPLATE_25_B09,Galaxias truttaceus
Teleost_Euteleost_Galaxiiformes_Galaxiidae_Galaxias_maculatus,Galaxias maculatus
Teleost_Euteleost_Galaxiiformes_Galaxiidae_Galaxiella_nigrostriata,Galaxiella nigrostriata
Galaxiidae_Lovettia_sealii_EPLATE_25_B10,Lovettia sealii
Teleost_Euteleost_Lepidogalaxiiformes_Lepidogalaxiidae_Lepidogalaxias_salamandroides,Lepidogalaxias salamandroides
Mallotus_villosus__GCA_903064625.1,Mallotus villosus
Osmeridae_Osmerus_mordax_EPLATE_44_E11,Osmerus mordax
Teleost_Euteleost_Osmeriformes_Osmeridae_Osmerus_eperlanus,Osmerus eperlanus
Osmeriformes_Spirinchus_thaleichthys,Spirinchus thaleichthys
Osmeriformes_Thaleichthys_pacificus,Thaleichthys pacificus
Platytroctidae_Holtbyrnia_laticauda_EPLATE_28_H06,Holtbyrnia laticauda
Platytroctidae_Normichthys_yahganorum_EPLATE_28_H07,Normichthys yahganorum
Platytroctidae_Persparsia_kopua_EPLATE_46_D03,Persparsia kopua
Plecoglossidae_Plecoglossus_altivelis_EPLATE_44_G03,Plecoglossus altivelis
Plecoglossidae_Plecoglossus_altivelis_EPLATE_44_G03,Plecoglossus altivelis
Protosalanx_chinensis__GCA_010882115.1,Salanx chinensis
Teleost_Euteleost_Osmeriformes_Salangidae_Protosalanx_hyalocranius,Protosalanx hyalocranius
Salangidae_Salanx_sp1_EPLATE_64_D11,
Salmoniformes_Brachymystax_lenok_tsinlingensis,Brachymystax lenok
Teleost_Euteleost_Salmoniformes_Salmonidae_Coregonus_clupeaformis,Coregonus clupeaformis
Salmoniformes_Coregonus_palaea,Coregonus palaea
Salmoniformes_Coregonus_lavaretus,Coregonus lavaretus
Salmoniformes_Coregonus_artedi,Coregonus artedi
Hucho_hucho__GCA_003317085.1,Hucho hucho
Salmoniformes_Hucho_taimen,Hucho taimen
Salmonidae_Oncorhynchus_tschawytscha_EPLATE_62_C09,Oncorhynchus tshawytscha
Oncorhynchus_kisutch__GCF_002021735.2,Oncorhynchus kisutch
Oncorhynchus_nerka__GCF_006149115.1,Oncorhynchus nerka
Oncorhynchus_keta__GCF_012931545.1,Oncorhynchus keta
Teleost_Euteleost_Salmoniformes_Salmonidae_Oncorhynchus_mykiss,Oncorhynchus mykiss
Salmoniformes_Oncorhynchus_masou,Oncorhynchus masou masou
Salmo_trutta__GCF_901001165.1,Salmo trutta
Teleost_Euteleost_Salmoniformes_Salmonidae_Salmo_salar,Salmo salar
Salmoniformes_Salmo_marmoratus,Salmo marmoratus
Salmoniformes_Salmo_ischchan,Salmo ischchan
Teleost_Euteleost_Salmoniformes_Salmonidae_Salvelinus_fontinalis,Salvelinus fontinalis
Salmoniformes_Salvelinus_alpinus,Salvelinus alpinus
Salmoniformes_Salvelinus_namaycush,Salvelinus namaycush
Teleost_Euteleost_Salmoniformes_Salmonidae_Thymallus_thymallus,Thymallus thymallus
Gonostomatidae_Diplophos_taenia_EPLATE_18_F09,Diplophos taenia
Gonostomatidae_Diplophos_rebainsi_EPLATE_53_F09,Diplophos rebainsi
Gonostomatidae_Diplophos_australis_EPLATE_53_G09,Diplophos australis
Gonostomatidae_Gonostoma_atlanticum_EPLATE_53_A10,Gonostoma atlanticum
Gonostomatidae_Margrethia_valentinae_EPLATE_53_D10,Margrethia valentinae
Gonostomatidae_Sigmops_bathyphilus_EPLATE_53_C10,Sigmops bathyphilus
Gonostomatidae_Sigmops_elongatus_EPLATE_53_H09,Sigmops elongatus
Phosichthyidae_Ichthyococcus_australis_EPLATE_53_E10,Ichthyococcus australis
Phosichthyidae_Phosichthys_argenteus_EPLATE_53_A11,Phosichthys argenteus
Phosichthyidae_Polymetme_corythaeola_EPLATE_53_G10,Polymetme corythaeola
Phosichthyidae_Polymetme_illustris_EPLATE_53_H10,Polymetme illustris
Phosichthyidae_Vinciguerria_poweriae_EPLATE_53_D11,Vinciguerria poweriae
Phosichthyidae_Vinciguerria_attenuata_EPLATE_53_B11,Vinciguerria attenuata
Phosichthyidae_Vinciguerria_nimbaria_EPLATE_53_C11,Vinciguerria nimbaria
Phosichthyidae_Woodsia_meyerwardeni_EPLATE_53_E11,Woodsia meyerwaardeni
Sternoptychidae_Argyripnus_atlanticus_EPLATE_18_H06,Argyripnus atlanticus
Sternoptychidae_Argyripnus_iridescens_EPLATE_53_F08,Argyripnus iridescens
Sternoptychidae_Argyropelecus_olfersii_EPLATE_18_H09,Argyropelecus olfersii
Sternoptychidae_Argyropelecus_affinis_EPLATE_18_F08,Argyropelecus affinis
Sternoptychidae_Argyropelecus_aculeatus_EPLATE_33_F02,Argyropelecus aculeatus
Sternoptychidae_Argyropelecus_hemigymnus_EPLATE_53_D08,Argyropelecus hemigymnus
Sternoptychidae_Argyropelecus_gigas_EPLATE_53_B08,Argyropelecus gigas
Sternoptychidae_Argyropelecus_sladeni_EPLATE_53_E08,Argyropelecus sladeni
Sternoptychidae_Maurolicus_japonicus_EPLATE_56_F05,Maurolicus japonicus
Sternoptychidae_Maurolicus_muelleri_EPLATE_24_C05,Maurolicus muelleri
Stomiatiformes_Maurolicus_mucronatus,Maurolicus mucronatus
Sternoptychidae_Polyipnus_ruggeri_EPLATE_53_B09,Polyipnus ruggeri
Sternoptychidae_Sternoptyx_pseudodiaphana_EPLATE_18_G07,Sternoptyx pseudodiaphana
Sternoptychidae_Sternoptyx_diaphana_EPLATE_18_E07,Sternoptyx diaphana
Astronesthidae_Astronesthes_illuminatus_EPLATE_53_G11,Astronesthes illuminatus
Astronesthidae_Astronesthes_boulengeri_EPLATE_53_F11,Astronesthes boulengeri
Stomiidae_Bathophilus_abarbatus_EPLATE_53_G12,Bathophilus abarbatus
Teleost_Euteleost_Stomiatiformes_Stomiidae_Borostomias_antarcticus,Borostomias antarcticus
Stomiidae_Chauliodus_sloani_EPLATE_18_A09,Chauliodus sloani
Stomiidae_Malacosteus_niger_EPLATE_18_A10,Malacosteus niger
Stomiidae_Malacosteus_australis_EPLATE_53_C12,Malacosteus australis
Astronesthidae_Neonesthes_microcephalus_EPLATE_53_B12,Neonesthes microcephalus
Stomiatiformes_Pachystomias_microdon,Pachystomias microdon
Stomiidae_Photostomias_guernei_EPLATE_18_D09,Photostomias tantillux
Astronesthidae_Rhadinesthes_decimus_EPLATE_53_A12,Rhadinesthes decimus
Stomiidae_Stomias_affinis_EPLATE_18_G08,Stomias affinis
Stomiidae_Stomias_boa_EPLATE_24_B12,Stomias boa
Stomiidae_Stomias_gracilis_EPLATE_53_F12,Stomias gracilis
Oreosomatidae_Allocyttus_verrucosus_EPLATE_33_E07,Allocyttus verrucosus
Oreosomatidae_Oreosoma_atlanticum_EPLATE_53_A08,Oreosoma atlanticum
Oreosomatidae_Pseudocyttus_maculatus_EPLATE_53_G07,Pseudocyttus maculatus
