Stomiatiformes_Phosichthyidae_Polymetme_illustris_EPLATE_53_H10,Polymetme illustris,Polymetme,Phosichthyidae,Stomiatiformes
Stomiatiformes_Phosichthyidae_Polymetme_corythaeola_EPLATE_53_G10,Polymetme corythaeola,Polymetme,Phosichthyidae,Stomiatiformes
Salmoniformes_Salmonidae_Salvelinus_sp_GCF_002910315.2,,Salvelinus,Salmonidae,Salmoniformes
Salmoniformes_Salmonidae_Salvelinus_alpinus_4,Salvelinus alpinus,Salvelinus,Salmonidae,Salmoniformes
Salmoniformes_Salmonidae_Salvelinus_fontinalis_5,Salvelinus fontinalis,Salvelinus,Salmonidae,Salmoniformes
Salmoniformes_Salmonidae_Salvelinus_namaycush_6,Salvelinus namaycush,Salvelinus,Salmonidae,Salmoniformes
Salmoniformes_Salmonidae_Oncorhynchus_masou_masou_7,Oncorhynchus masou masou,Oncorhynchus,Salmonidae,Salmoniformes
Salmoniformes_Salmonidae_Oncorhynchus_mykiss_8,Oncorhynchus mykiss,Oncorhynchus,Salmonidae,Salmoniformes
Salmoniformes_Salmonidae_Oncorhynchus_nerka_GCF_006149115.1,Oncorhynchus nerka,Oncorhynchus,Salmonidae,Salmoniformes
Salmoniformes_Salmonidae_Oncorhynchus_keta_GCF_012931545.1,Oncorhynchus keta,Oncorhynchus,Salmonidae,Salmoniformes
Salmoniformes_Salmonidae_Oncorhynchus_tshawytscha_EPLATE_62_C09,Oncorhynchus tshawytscha,Oncorhynchus,Salmonidae,Salmoniformes
Salmoniformes_Salmonidae_Oncorhynchus_kisutch_GCF_002021735.2,Oncorhynchus kisutch,Oncorhynchus,Salmonidae,Salmoniformes
Salmoniformes_Salmonidae_Salmo_salar_13,Salmo salar,Salmo,Salmonidae,Salmoniformes
Salmoniformes_Salmonidae_Salmo_ischchan_14,Salmo ischchan,Salmo,Salmonidae,Salmoniformes
Salmoniformes_Salmonidae_Salmo_marmoratus_15,Salmo marmoratus,Salmo,Salmonidae,Salmoniformes
Salmoniformes_Salmonidae_Salmo_trutta_GCF_901001165.1,Salmo trutta,Salmo,Salmonidae,Salmoniformes
Salmoniformes_Salmonidae_Brachymystax_lenok_17,Brachymystax lenok,Brachymystax,Salmonidae,Salmoniformes
Salmoniformes_Salmonidae_Hucho_taimen_18,Hucho taimen,Hucho,Salmonidae,Salmoniformes
Salmoniformes_Salmonidae_Hucho_hucho_GCA_003317085.1,Hucho hucho,Hucho,Salmonidae,Salmoniformes
Salmoniformes_Salmonidae_Thymallus_thymallus_20,Thymallus thymallus,Thymallus,Salmonidae,Salmoniformes
Salmoniformes_Salmonidae_Coregonus_artedi_21,Coregonus artedi,Coregonus,Salmonidae,Salmoniformes
Salmoniformes_Salmonidae_Coregonus_22,,Coregonus,Salmonidae,Salmoniformes
Salmoniformes_Salmonidae_Coregonus_lavaretus_23,Coregonus lavaretus,Coregonus,Salmonidae,Salmoniformes
Salmoniformes_Salmonidae_Coregonus_clupeaformis_24,Coregonus clupeaformis,Coregonus,Salmonidae,Salmoniformes
Salmoniformes_Salmonidae_Coregonus_palaea_25,Coregonus palaea,Coregonus,Salmonidae,Salmoniformes
Salmoniformes_Salmonidae_Coregonus_sp_GCA_902810595.1,,Coregonus,Salmonidae,Salmoniformes
Esociformes_Umbridae_Umbra_pygmaea_27,Umbra pygmaea,Umbra,Umbridae,Esociformes
Esociformes_Esocidae_Esox_reichertii_EPLATE_44_C07,Esox reichertii,Esox,Esocidae,Esociformes
Esociformes_Esocidae_Esox_lucius_29,Esox lucius,Esox,Esocidae,Esociformes
Argentiniformes_Opisthoproctidae_Winteria_telescopa_EPLATE_46_H04,Winteria telescopa,Winteria,Opisthoproctidae,Argentiniformes
Argentiniformes_Opisthoproctidae_Monacoa_sp1_EPLATE_46_G04,,Monacoa,Opisthoproctidae,Argentiniformes
Argentiniformes_Opisthoproctidae_Opisthoproctus_soleatus_32,Opisthoproctus soleatus,Opisthoproctus,Opisthoproctidae,Argentiniformes
Argentiniformes_Argentinidae_Argentina_sphyraena_33,Argentina sphyraena,Argentina,Argentinidae,Argentiniformes
Argentiniformes_Argentinidae_Argentina_silus_34,Argentina silus,Argentina,Argentinidae,Argentiniformes
Argentiniformes_Argentinidae_Argentina_australiae_EPLATE_46_F03,Argentina australiae,Argentina,Argentinidae,Argentiniformes
Argentiniformes_Argentinidae_Glossanodon_spW1_EPLATE_46_E03,,Glossanodon,Argentinidae,Argentiniformes
Argentiniformes_Argentinidae_Argentina_sp_37,,Argentina,Argentinidae,Argentiniformes
Argentiniformes_Argentinidae_Argentina_sp_38,,Argentina,Argentinidae,Argentiniformes
Argentiniformes_Microstomatidae_Nansenia_antarctica_EPLATE_46_E04,Nansenia antarctica,Nansenia,Microstomatidae,Argentiniformes
Argentiniformes_Microstomatidae_Microstoma_microstoma_EPLATE_46_D04,Microstoma microstoma,Microstoma,Microstomatidae,Argentiniformes
Argentiniformes_Bathylagidae_Melanolagus_sp2_EPLATE_46_B04,,Melanolagus,Bathylagidae,Argentiniformes
Argentiniformes_Bathylagidae_Melanolagus_bericoides_EPLATE_46_C04,Melanolagus bericoides,Melanolagus,Bathylagidae,Argentiniformes
Argentiniformes_Bathylagidae_Bathylagichthys_longipinnis_EPLATE_46_G03,Bathylagichthys longipinnis,Bathylagichthys,Bathylagidae,Argentiniformes
Argentiniformes_Bathylagidae_Bathylagichthys_australis_EPLATE_46_H03,Bathylagichthys australis,Bathylagichthys,Bathylagidae,Argentiniformes
Argentiniformes_Bathylagidae_Bathylagichthys_problematicus_EPLATE_46_A04,Bathylagichthys problematicus,Bathylagichthys,Bathylagidae,Argentiniformes
Lepidogalaxiiformes_Lepidogalaxiidae_Lepidogalaxias_salamandroides_46,Lepidogalaxias salamandroides,Lepidogalaxias,Lepidogalaxiidae,Lepidogalaxiiformes
Alepocephaliformes_Platytroctidae_Persparsia_kopua_EPLATE_46_D03,Persparsia kopua,Persparsia,Platytroctidae,Alepocephaliformes
Alepocephaliformes_Platytroctidae_Holtbyrnia_laticauda_EPLATE_28_H06,Holtbyrnia laticauda,Holtbyrnia,Platytroctidae,Alepocephaliformes
Alepocephaliformes_Platytroctidae_Normichthys_yahganorum_EPLATE_28_H07,Normichthys yahganorum,Normichthys,Platytroctidae,Alepocephaliformes
Clupeiformes_Engraulidae_Engraulis_encrasicolus_50,Engraulis encrasicolus,Engraulis,Engraulidae,Clupeiformes
Clupeiformes_Engraulidae_Coilia_nasus_51,Coilia nasus,Coilia,Engraulidae,Clupeiformes
Clupeiformes_Clupeidae_Clupea_harengus_52,Clupea harengus,Clupea,Clupeidae,Clupeiformes
Clupeiformes_Clupeidae_Alosa_alosa_53,Alosa alosa,Alosa,Clupeidae,Clupeiformes
Clupeiformes_Clupeidae_Amblygaster_clupeoides_54,Amblygaster clupeoides,Amblygaster,Clupeidae,Clupeiformes
Ateleopodiformes_Ateleopodidae_Ateleopus_japonicus_EPLATE_26_E02,Ateleopus japonicus,Ateleopus,Ateleopodidae,Ateleopodiformes
Ateleopodiformes_Ateleopodidae_Ijimaia_sp1_EPLATE_46_C05,,Ijimaia,Ateleopodidae,Ateleopodiformes
Ateleopodiformes_Ateleopodidae_Ijimaia_dofleini_EPLATE_26_E03,Ijimaia dofleini,Ijimaia,Ateleopodidae,Ateleopodiformes
Ateleopodiformes_Ateleopodidae_Ijimaia_dofleini_EPLATE_46_A05,Ijimaia dofleini,Ijimaia,Ateleopodidae,Ateleopodiformes
Aulopiformes_Bathysauroididae_Bathysauroides_gigas_EPLATE_46_E05,Bathysauroides gigas,Bathysauroides,Bathysauroididae,Aulopiformes
Aulopiformes_Paralepididae_Lestidium_atlanticum_EPLATE_61_C05,Lestidium atlanticum,Lestidium,Paralepididae,Aulopiformes
Aulopiformes_Aulopidae_Hime_curtirostris_EPLATE_61_B03,Hime curtirostris,Hime,Aulopidae,Aulopiformes
Aulopiformes_Aulopidae_Hime_caudizoma_EPLATE_60_B05,Hime caudizoma,Hime,Aulopidae,Aulopiformes
Zeiformes_Oreosomatidae_Allocyttus_verrucosus_EPLATE_33_E07,Allocyttus verrucosus,Allocyttus,Oreosomatidae,Zeiformes
Zeiformes_Oreosomatidae_Pseudocyttus_maculatus_EPLATE_53_G07,Pseudocyttus maculatus,Pseudocyttus,Oreosomatidae,Zeiformes
Zeiformes_Oreosomatidae_Oreosoma_atlanticum_EPLATE_53_A08,Oreosoma atlanticum,Oreosoma,Oreosomatidae,Zeiformes
Myctophiformes_Myctophidae_Benthosema_fibulatum_EPLATE_49_A06,Benthosema fibulatum,Benthosema,Myctophidae,Myctophiformes
Myctophiformes_Myctophidae_Diaphus_hudsoni_EPLATE_49_G02,Diaphus hudsoni,Diaphus,Myctophidae,Myctophiformes
Myctophiformes_Myctophidae_Diaphus_whitleyi_EPLATE_49_G09,Diaphus whitleyi,Diaphus,Myctophidae,Myctophiformes
Myctophiformes_Myctophidae_Diaphus_termophilus_EPLATE_49_E01,Diaphus termophilus,Diaphus,Myctophidae,Myctophiformes
Galaxiiformes_Galaxiidae_Lovettia_sealii_EPLATE_25_B10,Lovettia sealii,Lovettia,Galaxiidae,Galaxiiformes
Galaxiiformes_Galaxiidae_Galaxiella_nigrostriata_71,Galaxiella nigrostriata,Galaxiella,Galaxiidae,Galaxiiformes
Galaxiiformes_Galaxiidae_Galaxias_truttaceus_EPLATE_25_B09,Galaxias truttaceus,Galaxias,Galaxiidae,Galaxiiformes
Galaxiiformes_Galaxiidae_Galaxias_maculatus_73,Galaxias maculatus,Galaxias,Galaxiidae,Galaxiiformes
Osmeriformes_Osmeridae_Mallotus_villosus_GCA_903064625.1,Mallotus villosus,Mallotus,Osmeridae,Osmeriformes
Osmeriformes_Osmeridae_Spirinchus_thaleichthys_75,Spirinchus thaleichthys,Spirinchus,Osmeridae,Osmeriformes
Osmeriformes_Osmeridae_Thaleichthys_pacificus_76,Thaleichthys pacificus,Thaleichthys,Osmeridae,Osmeriformes
Osmeriformes_Osmeridae_Osmerus_eperlanus_77,Osmerus eperlanus,Osmerus,Osmeridae,Osmeriformes
Osmeriformes_Osmeridae_Osmerus_mordax_EPLATE_44_E11,Osmerus mordax,Osmerus,Osmeridae,Osmeriformes
Osmeriformes_Plecoglossidae_Plecoglossus_altivelis_EPLATE_44_G03,Plecoglossus altivelis,Plecoglossus,Plecoglossidae,Osmeriformes
Osmeriformes_Salangidae_Salanx_sp1_EPLATE_64_D11,,Salanx,Salangidae,Osmeriformes
Osmeriformes_Salangidae_Salanx_chinensis_GCA_010882115.1,Salanx chinensis,Protosalanx,Salangidae,Osmeriformes
Osmeriformes_Salangidae_Protosalanx_hyalocranius_82,Protosalanx hyalocranius,Protosalanx,Salangidae,Osmeriformes
Stomiatiformes_Phosichthyidae_Vinciguerria_nimbaria_EPLATE_53_C11,Vinciguerria nimbaria,Vinciguerria,Phosichthyidae,Stomiatiformes
Stomiatiformes_Phosichthyidae_Vinciguerria_attenuata_EPLATE_53_D11,Vinciguerria attenuata,Vinciguerria,Phosichthyidae,Stomiatiformes
Stomiatiformes_Phosichthyidae_Vinciguerria_attenuata_EPLATE_53_B11,Vinciguerria attenuata,Vinciguerria,Phosichthyidae,Stomiatiformes
Stomiatiformes_Sternoptychidae_Maurolicus_mucronatus_86,Maurolicus mucronatus,Maurolicus,Sternoptychidae,Stomiatiformes
Stomiatiformes_Sternoptychidae_Maurolicus_muelleri_EPLATE_24_C05,Maurolicus muelleri,Maurolicus,Sternoptychidae,Stomiatiformes
Stomiatiformes_Sternoptychidae_Maurolicus_japonicus_EPLATE_56_F05,Maurolicus japonicus,Maurolicus,Sternoptychidae,Stomiatiformes
Stomiatiformes_Sternoptychidae_Sternoptyx_pseudodiaphana_EPLATE_18_G07,Sternoptyx pseudodiaphana,Sternoptyx,Sternoptychidae,Stomiatiformes
Stomiatiformes_Sternoptychidae_Sternoptyx_diaphana_EPLATE_18_E07,Sternoptyx diaphana,Sternoptyx,Sternoptychidae,Stomiatiformes
Stomiatiformes_Sternoptychidae_Argyropelecus_hemigymnus_EPLATE_53_D08,Argyropelecus hemigymnus,Argyropelecus,Sternoptychidae,Stomiatiformes
Stomiatiformes_Sternoptychidae_Argyropelecus_affinis_EPLATE_18_F08,Argyropelecus affinis,Argyropelecus,Sternoptychidae,Stomiatiformes
Stomiatiformes_Sternoptychidae_Argyropelecus_gigas_EPLATE_53_B08,Argyropelecus gigas,Argyropelecus,Sternoptychidae,Stomiatiformes
Stomiatiformes_Sternoptychidae_Argyropelecus_aculeatus_EPLATE_33_F02,Argyropelecus aculeatus,Argyropelecus,Sternoptychidae,Stomiatiformes
Stomiatiformes_Sternoptychidae_Argyropelecus_olfersii_EPLATE_18_H09,Argyropelecus olfersii,Argyropelecus,Sternoptychidae,Stomiatiformes
Stomiatiformes_Sternoptychidae_Argyropelecus_sladeni_EPLATE_53_E08,Argyropelecus sladeni,Argyropelecus,Sternoptychidae,Stomiatiformes
Stomiatiformes_Gonostomatidae_Diplophos_rebainsi_EPLATE_53_F09,Diplophos rebainsi,Diplophos,Gonostomatidae,Stomiatiformes
Stomiatiformes_Gonostomatidae_Diplophos_taenia_EPLATE_18_F09,Diplophos taenia,Diplophos,Gonostomatidae,Stomiatiformes
Stomiatiformes_Gonostomatidae_Diplophos_australis_EPLATE_53_G09,Diplophos australis,Diplophos,Gonostomatidae,Stomiatiformes
Stomiatiformes_Gonostomatidae_Margrethia_valentinae_EPLATE_53_D10,Margrethia valentinae,Margrethia,Gonostomatidae,Stomiatiformes
Stomiatiformes_Gonostomatidae_Sigmops_bathyphilus_EPLATE_53_C10,Sigmops bathyphilus,Sigmops,Gonostomatidae,Stomiatiformes
Stomiatiformes_Gonostomatidae_Gonostoma_atlanticum_EPLATE_53_A10,Gonostoma atlanticum,Gonostoma,Gonostomatidae,Stomiatiformes
Stomiatiformes_Gonostomatidae_Sigmops_elongatus_EPLATE_53_H09,Sigmops elongatus,Sigmops,Gonostomatidae,Stomiatiformes
Stomiatiformes_Sternoptychidae_Polyipnus_ruggeri_EPLATE_53_B09,Polyipnus ruggeri,Polyipnus,Sternoptychidae,Stomiatiformes
Stomiatiformes_Sternoptychidae_Argyripnus_atlanticus_EPLATE_18_H06,Argyripnus atlanticus,Argyripnus,Sternoptychidae,Stomiatiformes
Stomiatiformes_Sternoptychidae_Argyripnus_iridescens_EPLATE_53_F08,Argyripnus iridescens,Argyripnus,Sternoptychidae,Stomiatiformes
Stomiatiformes_Phosichthyidae_Ichthyococcus_australis_EPLATE_53_E10,Ichthyococcus australis,Ichthyococcus,Phosichthyidae,Stomiatiformes
Stomiatiformes_Phosichthyidae_Woodsia_meyerwaardeni_EPLATE_53_E11,Woodsia meyerwaardeni,Woodsia,Phosichthyidae,Stomiatiformes
Stomiatiformes_Phosichthyidae_Phosichthys_argenteus_EPLATE_53_A11,Phosichthys argenteus,Phosichthys,Phosichthyidae,Stomiatiformes
Stomiatiformes_Stomiidae_Chauliodus_sloani_EPLATE_18_A09,Chauliodus sloani,Chauliodus,Stomiidae,Stomiatiformes
Stomiatiformes_Stomiidae_Stomias_affinis_EPLATE_18_G08,Stomias affinis,Stomias,Stomiidae,Stomiatiformes
Stomiatiformes_Stomiidae_Stomias_boa_EPLATE_24_B12,Stomias boa,Stomias,Stomiidae,Stomiatiformes
Stomiatiformes_Stomiidae_Stomias_gracilis_EPLATE_53_F12,Stomias gracilis,Stomias,Stomiidae,Stomiatiformes
Stomiatiformes_Stomiidae_Neonesthes_microcephalus_EPLATE_53_B12,Neonesthes microcephalus,Neonesthes,Stomiidae,Stomiatiformes
Stomiatiformes_Stomiidae_Borostomias_antarcticus_115,Borostomias antarcticus,Borostomias,Stomiidae,Stomiatiformes
Stomiatiformes_Stomiidae_Rhadinesthes_decimus_EPLATE_53_A12,Rhadinesthes decimus,Rhadinesthes,Stomiidae,Stomiatiformes
Stomiatiformes_Stomiidae_Astronesthes_illuminatus_EPLATE_53_G11,Astronesthes illuminatus,Astronesthes,Stomiidae,Stomiatiformes
Stomiatiformes_Stomiidae_Astronesthes_boulengeri_EPLATE_53_F11,Astronesthes boulengeri,Astronesthes,Stomiidae,Stomiatiformes
Stomiatiformes_Stomiidae_Photostomias_tantillux_EPLATE_18_D09,Photostomias tantillux,Photostomias,Stomiidae,Stomiatiformes
Stomiatiformes_Stomiidae_Bathophilus_abarbatus_EPLATE_53_G12,Bathophilus abarbatus,Bathophilus,Stomiidae,Stomiatiformes
Stomiatiformes_Stomiidae_Pachystomias_microdon_121,Pachystomias microdon,Pachystomias,Stomiidae,Stomiatiformes
Stomiatiformes_Stomiidae_Malacosteus_niger_EPLATE_18_A10,Malacosteus niger,Malacosteus,Stomiidae,Stomiatiformes
Stomiatiformes_Stomiidae_Malacosteus_australis_EPLATE_53_C12,Malacosteus australis,Malacosteus,Stomiidae,Stomiatiformes
